Time (s),Ego Speed (km/h),Lead Speed (km/h),Smoothed Lead Speed (km/h),Distance Between (m),Ego Distance Covered (m),Lead Vehicle Distance Covered (m),Ego X (m),Ego Y (m),Lead X (m),Lead Y (m)
0.0,0.0001355839293220223,7.056000137329102,7.056000137329102,21.010123171603936,0.0,0.0,107.0,133.0,128.0,133.427001953125
0.05,0.0010030535786839825,8.820000171661377,7.938000154495239,21.00778155756153,9.729992598295212e-06,0.11269998550415039,107.0,133.0,128.0,133.427001953125
0.1,0.0013506701539330247,10.584000205993652,8.820000171661377,21.005746598547567,2.705003134906292e-05,0.2498999983072281,107.0,133.0,128.0,133.427001953125
0.15000000000000002,0.000613422537951556,10.747439861297607,9.301860094070435,21.004523591131928,3.491004463285208e-05,0.40529029071331024,107.0,133.0,128.0,133.427001953125
0.2,0.0010125984199866546,7.768655776977541,8.995219230651855,21.00437311050703,4.731002263724804e-05,0.5298077911138535,107.0,133.0,128.0,133.427001953125
0.25,0.001126949199748755,4.894776105880743,8.311812043190004,21.004686487988568,6.275996565818787e-05,0.6134719923138618,107.0,133.0,128.0,133.427001953125
0.30000000000000004,0.001090834246864257,0.2858883018613525,7.165251508714483,21.00487018878244,7.835996802896261e-05,0.6421069949865341,107.0,133.0,128.0,133.427001953125
0.35000000000000003,0.0009791621625479317,1.2601333397479655,6.427111737593667,21.004785721596708,9.277998469769955e-05,0.6545059978961945,107.0,133.0,128.0,133.427001953125
0.4,0.0008423298624640555,1.81846296546511,5.915039651801606,21.00465121258422,0.00010533002205193043,0.6770130023360252,107.0,133.0,128.0,133.427001953125
0.45,0.0007009286978020593,2.0269728720120805,5.526232973822653,21.004520380350346,0.00011592998635023832,0.7043372988700867,107.0,133.0,128.0,133.427001953125
0.5,0.0005719873671055654,1.9688721142311902,5.017520171512862,21.004423376604176,0.00012466998305171728,0.7322819977998734,107.0,133.0,128.0,133.427001953125
0.55,8.245836319417049e-05,1.7295322128948023,4.308473375636205,21.00436723427948,0.00012931996025145054,0.7578397989273071,107.0,133.0,128.0,133.427001953125
0.6000000000000001,0.00019924481506535164,1.3871364163729119,3.3887869966741304,21.004344211938506,0.00013157003559172153,0.7791418991982937,107.0,133.0,128.0,133.427001953125
0.65,0.00023618301982070362,1.00696340226384,2.4147393507707537,21.004341162351736,0.00013474002480506897,0.7953073885291815,107.0,133.0,128.0,133.427001953125
0.7000000000000001,0.00023920387442069184,0.6386228197041549,1.7017360550434149,21.00434615300473,0.0001380599569529295,0.8062361981719732,107.0,133.0,128.0,133.427001953125
0.75,0.00021991099093743205,0.31574798285862116,1.2438332427412029,21.004351466195676,0.00014125998131930828,0.8123877979815006,107.0,133.0,128.0,133.427001953125
0.8,0.00018918656502936747,0.05750502296999003,1.2209949148520667,21.004353782478812,0.0001441199565306306,0.8145665992051363,107.0,133.0,128.0,133.427001953125
0.8500000000000001,0.0001580158779000391,0.1299309308164235,1.1079746739589125,21.0043528786828,0.00014656002167612314,0.8153951987624168,107.0,133.0,128.0,133.427001953125
0.9,0.00012907690139518722,0.24808918695718288,0.9509372961081196,21.00435000752979,0.00014855002518743277,0.8182500991970301,107.0,133.0,128.0,133.427001953125
0.9500000000000001,0.00010538978572274058,0.30600271060670414,0.7788402799675821,21.004346644324762,0.0001501099904999137,0.8222384992986917,107.0,133.0,128.0,133.427001953125
1.0,3.178933186884519e-05,0.3157817409178542,0.6135312426362485,21.004343821278507,0.0001501099904999137,0.8266194993630052,107.0,133.0,128.0,133.427001953125
1.05,5.0463548140534747e-05,0.29079330967743583,0.46965735231451183,21.00434196791927,0.0001501099904999137,0.8308338299393654,107.0,133.0,128.0,133.427001953125
1.1,4.8747103694193226e-05,0.24392817479563297,0.35533652815678396,21.004341042708173,0.0001517899800091982,0.8345057098194957,107.0,133.0,128.0,133.427001953125
1.1500000000000001,4.613821228908832e-05,0.18643326681000105,0.27328351461140005,21.004340764673778,0.0001517899800091982,0.8374264996964484,107.0,133.0,128.0,133.427001953125
1.2000000000000002,4.22932209980691e-05,0.12728371636238092,0.2221496042772227,21.004340815591757,0.00015301001258194447,0.8395254646893591,107.0,133.0,128.0,133.427001953125
1.25,3.209760279827624e-05,0.07294128045944871,0.1978689340373054,21.00434095372522,0.00015301001258194447,0.8408359696622938,107.0,133.0,128.0,133.427001953125
1.3,3.196062947481499e-05,0.02744673598714945,0.19486310533902138,21.004341048417697,0.00015301001258194447,0.8414610796608031,107.0,133.0,128.0,133.427001953125
1.35,2.444313023010985e-05,0.0072446889797028145,0.1825944811553493,21.004341061826242,0.00015437998808920383,0.8415421396493912,107.0,133.0,128.0,133.427001953125
1.4000000000000001,4.4637555270981115e-06,0.030858026959082623,0.1608713651555393,21.00434101155208,0.00015437998808920383,0.8418509396724403,107.0,133.0,128.0,133.427001953125
1.4500000000000002,8.102576576929162e-06,0.0,0.13027109409486887,21.00434101155208,0.00015437998808920383,0.8418509396724403,107.0,133.0,128.0,133.427001953125
1.5,6.9360144938760355e-06,0.0,0.09869292000308344,21.00434101155208,0.00015437998808920383,0.8418509396724403,107.0,133.0,128.0,133.427001953125
1.55,6.729446332992652e-06,0.0,0.06961358903533985,21.00434101155208,0.00015437998808920383,0.8418509396724403,107.0,133.0,128.0,133.427001953125
1.6,5.048878732673095e-06,0.0,0.04522077155577656,21.00434101155208,0.00015437998808920383,0.8418509396724403,107.0,133.0,128.0,133.427001953125
1.6500000000000001,7.1747613910221395e-06,0.0,0.02657744487477646,21.00434101155208,0.00015437998808920383,0.8418509396724403,107.0,133.0,128.0,133.427001953125
1.7000000000000002,5.150210155043731e-06,0.0,0.01384907323853836,21.00434101155208,0.00015437998808920383,0.8418509396724403,107.0,133.0,128.0,133.427001953125
1.75,6.4196561625955155e-06,0.0,0.006554945192593489,21.00434101155208,0.00015437998808920383,0.8418509396724403,107.0,133.0,128.0,133.427001953125
1.8,0.0,0.0,0.003810271593878544,21.00434101155208,0.00015437998808920383,0.8418509396724403,107.0,133.0,128.0,133.427001953125
1.85,2.059736346898466e-06,0.0,0.0030858026959082623,21.004341011391983,0.00015541003085672855,0.8418509396724403,107.0,133.0,128.0,133.427001953125
1.9000000000000001,0.8532496799021327,0.0,0.0,20.999344770637812,0.005154454891060805,0.8418509396724403,107.00499725341797,133.0,128.0,133.427001953125
1.9500000000000002,1.6873214813517035,0.016661946828723913,0.0016661946828723912,20.979324074922477,0.02518759035372624,0.8421518396353349,107.0250015258789,133.00100708007812,128.0,133.427001953125
2.0,2.5022820652766558,0.02141824343051097,0.0038080190259234883,20.948312035435567,0.056204781599906675,0.8423466195818037,107.05599975585938,133.0019989013672,128.0,133.427001953125
2.0500000000000003,2.7543373791886694,0.020053323814948527,0.005813351407418341,20.911276531257275,0.09326285962979441,0.8425474195973948,107.09300231933594,133.00399780273438,128.0,133.427001953125
2.1,2.48822338360488,0.018984651964950444,0.007711816603913385,20.874268779931988,0.13027162703499456,0.8427661596797407,107.12999725341797,133.0050048828125,128.0,133.427001953125
2.15,0.030303971163824283,0.01818123578990648,0.009529940182904035,20.859252433000524,0.1453141402647601,0.8430122066638432,107.1449966430664,133.00599670410156,128.0,133.427001953125
2.2,0.45859007206455393,0.017671084538585697,0.011297048636762603,20.855247839118764,0.14837946505886204,0.844049665759706,107.14800262451172,133.00599670410156,127.9990005493164,133.427001953125
2.25,0.5175390857581283,0.0173830179047331,0.013035350427235914,20.848253108740657,0.1553816051993171,0.8443622417719262,107.15499877929688,133.00599670410156,127.9990005493164,133.427001953125
2.3000000000000003,0.6190182157077989,0.01719623355320532,0.014754973782556446,20.840231172494263,0.1634493632023688,0.8447072812734796,107.16300201416016,133.0070037841797,127.9990005493164,133.427001953125
2.35,0.9014197438700798,0.01696812823898555,0.016451786606455,20.828232552847666,0.1744509555259962,0.8457741736754097,107.17400360107422,133.0070037841797,127.99800109863281,133.427001953125
2.4000000000000004,1.1016299041786648,0.6319845847255414,0.07965024507900914,20.82420794636009,0.18848614797938387,0.8557695434579099,107.18800354003906,133.00799560546875,128.00799560546875,133.427001953125
2.45,1.1403960497909222,1.2018951543859984,0.1981735658347366,20.825214821044515,0.20348584933384326,0.8717761149166002,107.2030029296875,133.00799560546875,128.0240020751953,133.427001953125
2.5,1.1120268803644762,0.812366211424938,0.2772683626341793,20.822196837193122,0.2195164577860867,0.8847771323887028,107.21900177001953,133.00900268554688,128.03700256347656,133.427001953125
2.5500000000000003,1.3454653183782366,1.5192876297179052,0.4271917932244749,20.824183082152878,0.2375417149138142,0.9047821202478079,107.23699951171875,133.00999450683594,128.0570068359375,133.427001953125
2.6,1.302990483434737,1.1454807185245812,0.5398413998804381,20.82315606373812,0.25656566636674627,0.9227726867020831,107.25599670410156,133.01100158691406,128.0749969482422,133.427001953125
2.6500000000000004,1.300708893664346,1.8627749278905907,0.7243007690905064,20.830138670965365,0.2745983501505566,0.9477821036383702,107.27400207519531,133.01199340820312,128.10000610351562,133.427001953125
2.7,1.2993890042091465,1.5006868978242154,0.8726023504190694,20.835134934790663,0.29259609186933144,0.9707771341743912,107.29199981689453,133.01199340820312,128.1230010986328,133.427001953125
2.75,1.3985702049839626,2.227690059005831,1.0936330545291792,20.845115061544956,0.31261809249445377,1.000775919558686,107.31199645996094,133.01300048828125,128.1529998779297,133.427001953125
2.8000000000000003,1.5672750664023727,1.8749696182992195,1.2794103930037806,20.850083724705534,0.3346443397735916,1.0277687586565363,107.33399963378906,133.01400756835938,128.17999267578125,133.427001953125
2.85,1.617223136912003,2.611262470118875,1.5388398271917694,20.86206279466272,0.3576683489743378,1.0627724569831756,107.35700225830078,133.01499938964844,128.21499633789062,133.427001953125
2.9000000000000004,1.7494428918257463,2.2666103833503586,1.7023024070542512,20.87203124237093,0.38075007444387055,1.0957773559486272,107.37999725341797,133.01699829101562,128.2480010986328,133.427001953125
2.95,1.8886696893622084,3.0070271665081987,1.8828156082664713,20.886001104312342,0.40677057441377334,1.1357707170529636,107.40599822998047,133.01800537109375,128.28799438476562,133.427001953125
3.0,1.92706423540913,2.666661426160568,2.0682451297400344,20.898979710778306,0.4327904684989017,1.1747723227746316,107.43199920654297,133.0189971923828,128.32699584960938,133.427001953125
3.0500000000000003,1.8958399795103835,3.4121957441067567,2.2575359411789195,20.918960554831322,0.4588109446875207,1.2207776297962791,107.45800018310547,133.02000427246094,128.3730010986328,133.427001953125
3.1,2.121378718994747,3.0762433494587684,2.450612204272338,20.9339259656455,0.48787908721707773,1.2647840730859288,107.48699951171875,133.02200317382812,128.41700744628906,133.427001953125
3.1500000000000004,2.3486777616718313,3.82522067878341,2.6468567793616202,20.953899721265795,0.5188932216379539,1.315778975513942,107.51799774169922,133.0229949951172,128.46800231933594,133.427001953125
3.2,2.4522873042748956,3.4934266863935415,2.8461307582185524,20.970856439593206,0.551958501984256,1.365782079359421,107.5510025024414,133.02499389648438,128.51800537109375,133.427001953125
3.25,2.6107252335961424,4.247283258469928,3.0480900781649622,20.992817390449623,0.5880094725958612,1.423780747599701,107.58699798583984,133.02699279785156,128.5760040283203,133.427001953125
3.3000000000000003,2.6693202177531754,3.9203309159307684,3.2526262079281176,21.01277216026076,0.6240688867063661,1.4797805312306884,107.62300109863281,133.0290069580078,128.6320037841797,133.427001953125
3.35,2.663895136603568,4.676366264163872,3.4591365873326168,21.03773148591724,0.6621234381714981,1.5427840751279354,107.66100311279297,133.031005859375,128.69500732421875,133.427001953125
3.4000000000000004,2.6641754994003866,4.353374241155564,3.6678129731131377,21.063709238745638,0.6981326130042959,1.6047805517362526,107.6969985961914,133.03199768066406,128.7570037841797,133.427001953125
3.45,2.710863464815448,5.111965516805294,3.8783068081428467,21.095656339614283,0.7361871931145743,1.6747726185891858,107.73500061035156,133.03399658203125,128.82699584960938,133.427001953125
3.5,2.81157546836365,4.791781909586783,4.090818856485469,21.125620456656353,0.7742417543683853,1.7427810532357961,107.77300262451172,133.03599548339844,128.89500427246094,133.427001953125
3.5500000000000003,2.9489235892943406,5.555809441601374,4.3051802262349295,21.16057366307727,0.8142925828883874,1.8177780021957528,107.81300354003906,133.03799438476562,128.97000122070312,133.427001953125
3.6,3.0995010791436908,5.237533425125439,4.521309233801597,21.19351026513079,0.8563998374739084,1.8927749597933339,107.8550033569336,133.04100036621094,129.0449981689453,133.427001953125
3.6500000000000004,3.2471268797616286,5.996017252469813,4.738388891170237,21.230478080857484,0.9004439492744925,1.9737838713648777,107.89900207519531,133.04299926757812,129.12600708007812,133.427001953125
3.7,3.3830980473451255,5.684581073022121,4.957504329833095,21.264415039690938,0.9475370666635752,2.0547775315117827,107.94599914550781,133.04600524902344,129.20700073242188,133.427001953125
3.75,3.503256382552261,6.439789239460603,5.176754927932163,21.304366264645715,0.9955828248529306,2.142774968268538,107.99400329589844,133.04800415039062,129.2949981689453,133.427001953125
3.8000000000000003,3.6278869285752284,6.133717040432758,5.398093540382362,21.342317004615516,1.0446699937019477,2.229780589934905,108.04299926757812,133.05099487304688,129.3820037841797,133.427001953125
3.85,3.781319627993785,6.885001079954749,5.61895702196145,21.384250043757802,1.096758760161005,2.3237747306485415,108.09500122070312,133.0540008544922,129.4759979248047,133.427001953125
3.9000000000000004,3.9573301265419976,6.5837890389508855,5.841998501740982,21.42321061261483,1.1508432236524049,2.416782343633714,108.14900207519531,133.0570068359375,129.56900024414062,133.42799377441406
3.95,4.151513060632581,7.332480603376889,6.064050010398142,21.467158899469634,1.206922797168344,2.51678844716217,108.20500183105469,133.05999755859375,129.66900634765625,133.42799377441406
4.0,4.366904317276228,7.045056829822507,6.289377502421713,21.507102725954148,1.265997452961528,2.615787474744702,108.26399993896484,133.06300354003906,129.76800537109375,133.42799377441406
4.05,4.553258149801193,7.795513106836017,6.513347868945179,21.551020157153175,1.3291277210059156,2.72278210365163,108.3270034790039,133.06700134277344,129.875,133.42799377441406
4.1000000000000005,4.70715693819211,7.520113347542439,6.741605861186878,21.592955257171166,1.3932478402621384,2.828784914527196,108.39099884033203,133.0709991455078,129.9810028076172,133.42799377441406
4.15,4.8573501792086935,8.262541047181577,6.968258240658055,21.639888908912905,1.4593181511329087,2.9417762475656626,108.45700073242188,133.07400512695312,130.093994140625,133.42799377441406
4.2,5.000632952156402,7.992540893584251,7.199054222714267,21.68382448549648,1.5284341127331502,3.054782841877611,108.5260009765625,133.0780029296875,130.20700073242188,133.42799377441406
4.25,5.136533313318682,8.72355656433736,7.427430955201942,21.73373363187689,1.598611414183236,3.1747779591613936,108.59600067138672,133.08299255371094,130.32699584960938,133.42799377441406
4.3,5.268943501423278,8.459245266924336,7.6599837778511,21.778678197871535,1.6717196875426,3.292789435780968,108.66899871826172,133.08700561523438,130.44500732421875,133.42799377441406
4.3500000000000005,5.383768279962727,9.181260745356544,7.889609744391279,21.83161104443501,1.745825101493761,3.4197883373137246,108.74299621582031,133.09100341796875,130.57200622558594,133.42799377441406
4.4,5.485129904451422,8.92443731522451,8.123674572018643,21.881524249188097,1.8209954659545597,3.5447883389302386,108.81800079345703,133.0959930419922,130.69700622558594,133.42799377441406
4.45,5.603033933122796,9.636121363349034,8.354038648015857,21.937442401717668,1.89815381269582,3.6777839446288905,108.8949966430664,133.1009979248047,130.8300018310547,133.42799377441406
4.5,5.748717387329471,9.388584811566897,8.588391446190297,21.9893571065105,1.9773145686935536,3.808780650101979,108.9739990234375,133.1060028076172,130.96099853515625,133.42799377441406
4.55,5.89393424830326,10.092096927282649,8.818049828234958,22.04728488342103,2.058469384011815,3.947788218740472,109.05500030517578,133.11099243164062,131.10000610351562,133.42799377441406
4.6000000000000005,6.041846288346032,9.849529111540699,9.050991404634786,22.102208301710874,2.14162032659562,4.0857887081721405,109.13800048828125,133.11599731445312,131.23800659179688,133.42799377441406
4.65,6.186252687240927,10.544472754843728,9.279184575401,22.162122376643836,2.2267666313896872,4.230777722157873,109.2229995727539,133.12100219726562,131.38299560546875,133.42799377441406
4.7,6.328876596258658,10.309356757403545,9.510866161782932,22.22004107183722,2.313971046459166,4.375781995603645,109.30999755859375,133.1269989013672,131.5279998779297,133.42799377441406
4.75,6.484189029027674,10.99472513290831,9.737983018640024,22.281964813145382,2.4031161689650102,4.526782972514713,109.39900207519531,133.1320037841797,131.6790008544922,133.42799377441406
4.800000000000001,6.642302238460862,10.76644898146331,9.968703390093923,22.34188608074923,2.494309338050297,4.677783949931255,109.48999786376953,133.13800048828125,131.8300018310547,133.42799377441406
4.8500000000000005,6.797515242876758,11.444508877355139,10.195028203293782,22.40680625419603,2.587504788489884,4.83578871104803,109.58300018310547,133.1439971923828,131.98800659179688,133.42799377441406
4.9,6.946251550635487,11.225232930430586,10.425107764814388,22.467735862030125,2.683692570696339,4.992789622437248,109.67900085449219,133.14999389648438,132.14500427246094,133.4290008544922
4.95,7.087714337254556,11.892672997401505,10.650762928219637,22.53465842020831,2.7808788218204827,5.156791087674433,109.7760009765625,133.156005859375,132.3090057373047,133.4290008544922
5.0,7.222264850214127,11.680740723100502,10.879978519372997,22.598565757055454,2.88012420523414,5.319785473091257,109.875,133.16299438476562,132.4720001220703,133.4290008544922
5.050000000000001,7.351667256651046,12.343393156658356,11.105108142310568,22.667499109953294,2.9822986067358,5.490790722526665,109.97699737548828,133.16900634765625,132.64300537109375,133.4290008544922
5.1000000000000005,7.464559143678377,12.141109109333584,11.334266142089856,22.735408970544658,3.0845427293527137,5.660788892039438,110.0790023803711,133.17599487304688,132.81300354003906,133.4290008544922
5.15,7.574681049463449,12.793357148077321,11.559154581413216,22.806327110530447,3.189771794121986,5.836783765517525,110.18399810791016,133.18299865722656,132.98899841308594,133.4290008544922
5.2,7.691346079074278,12.597264925726464,11.787945398245508,22.87625141627669,3.295944087898603,6.012778639064675,110.29000091552734,133.18899536132812,133.1649932861328,133.4290008544922
5.25,7.819603548149305,13.241989047625006,12.012671789717178,22.952186735601114,3.4031753169118266,6.195792555520948,110.39700317382812,133.1959991455078,133.34800720214844,133.4290008544922
5.300000000000001,7.970570023527914,13.054176911600123,12.241444582730859,23.02410419227732,3.5133986687516754,6.377784133110416,110.50700378417969,133.2030029296875,133.52999877929688,133.4290008544922
5.3500000000000005,8.116641725493208,13.688641691766371,12.465857864171983,23.102026542568083,3.6256832195425495,6.56778657496482,110.61900329589844,133.21099853515625,133.72000122070312,133.4290008544922
5.4,8.260592163246269,13.507381011718895,12.694072672300813,23.17696297259027,3.7388990246466443,6.755790115390046,110.73200225830078,133.21800231933594,133.9080047607422,133.4290008544922
5.45,8.416888652381344,14.1392537062756,12.918730743188224,23.256899012381872,3.8551075873468736,6.951789261344366,110.8479995727539,133.22500610351562,134.10400390625,133.4290008544922
5.5,8.575934597698906,13.96886519971452,13.147543190849623,23.33382410219835,3.9733820028707685,7.1467838495391725,110.96600341796875,133.23300170898438,134.2989959716797,133.42999267578125
5.550000000000001,8.71438800555267,14.58936103652298,13.372139978836085,23.41477226032168,4.0935813426199745,7.347787878333894,111.08599853515625,133.24000549316406,134.5,133.42999267578125
5.6000000000000005,8.80122565224393,14.426389160483856,13.600667983951112,23.49470054283272,4.2158447133445,7.5497837282444165,111.20800018310547,133.2480010986328,134.70199584960938,133.42999267578125
5.65,8.843808355766326,15.035220606532297,13.824854329796612,23.580643782422015,4.338108087200729,7.757791541198218,111.33000183105469,133.25599670410156,134.91000366210938,133.42999267578125
5.7,8.88312045302742,14.882400786228434,14.05336791584681,23.664590677379664,4.461308433843904,7.964792273911829,111.4530029296875,133.26300048828125,135.11700439453125,133.42999267578125
5.75,8.946653814280708,15.476400687606812,14.27680907984499,23.75452228997793,4.585566505179569,8.178781532103573,111.5770034790039,133.27099609375,135.33099365234375,133.42999267578125
5.800000000000001,9.041766835374455,15.337945492674773,14.505185937952453,23.844479806286394,4.709817941964361,8.392786049000836,111.70099639892578,133.2790069580078,135.5449981689453,133.42999267578125
5.8500000000000005,9.169142103749634,15.914593859909655,14.727781154766783,23.937429578614676,4.837016600246647,8.612787270021487,111.8280029296875,133.28599548339844,135.76499938964844,133.42999267578125
5.9,9.305730355671631,15.787729241270183,14.955815977721912,24.03037592443461,4.9652653900046735,8.833780312300025,111.95600128173828,133.29400634765625,135.98599243164062,133.42999267578125
5.95,9.447415127117129,16.347062124244747,15.176596819518824,24.1263465816409,5.095508300557394,9.059793496175757,112.08599853515625,133.302001953125,136.21200561523438,133.42999267578125
6.0,9.600364792090032,16.232833499695648,15.402993649516938,24.220303483060682,5.227754015980304,9.28579366507746,112.21800231933594,133.30999755859375,136.43800354003906,133.43099975585938
6.050000000000001,9.752170356165172,16.77517362200105,15.621574908064748,24.31726392824973,5.362985104636572,9.517788294247346,112.35299682617188,133.3179931640625,136.6699981689453,133.43099975585938
6.1000000000000005,9.878962692864231,16.675093327813862,15.846445324797745,24.41423159371068,5.499166914098299,9.75079000344588,112.48899841308594,133.3249969482422,136.9029998779297,133.43099975585938
6.15,9.97450761051895,17.203176973128883,16.063240961457403,24.514203488251127,5.637398837254815,9.988796595497874,112.62699890136719,133.33299255371094,137.14100646972656,133.43099975585938
6.2,10.07151664756218,17.12044992796166,16.287045875630728,24.61417057299239,5.77662942650384,10.227795008754779,112.76599884033203,133.34100341796875,137.3800048828125,133.43099975585938
6.25,10.188234506455686,17.63190130224736,16.50259593709478,24.71713126477659,5.917854787903244,10.471783046120295,112.90699768066406,133.3489990234375,137.62399291992188,133.43099975585938
6.300000000000001,10.31398528597869,17.56310629457675,16.725112017284978,24.819102952334248,6.060085625413148,10.715786342150205,113.04900360107422,133.35699462890625,137.8679962158203,133.43099975585938
6.3500000000000005,10.43215109207619,17.648571810794092,16.898509812373426,24.923086587365862,6.204253043393379,10.963787457179006,113.19300079345703,133.36399841308594,138.11599731445312,133.43099975585938
6.4,10.530441144355162,18.52153310932639,17.171890199179042,25.03407375392281,6.350467916471979,11.22079125888356,113.33899688720703,133.3719940185547,138.3730010986328,133.43099975585938
6.45,10.595705993301385,18.030674202046953,17.340251406959265,25.139044035289775,6.496691243333668,11.471783081308617,113.48500061035156,133.3800048828125,138.62399291992188,133.43099975585938
6.5,10.628999562808406,18.528662330733454,17.569834290063046,25.24903127193581,6.643860443747329,11.728786867067422,113.63200378417969,133.38699340820312,138.88099670410156,133.43099975585938
6.550000000000001,10.651016954774175,18.540505468329144,17.74636747469585,25.359037275965218,6.79202107788162,11.98679970746033,113.77999877929688,133.3939971923828,139.13900756835938,133.4320068359375
6.6000000000000005,10.679747269796678,18.857378694003874,17.964596011314857,25.472010175855083,6.940239527967722,12.247786060027956,113.9280014038086,133.40199279785156,139.39999389648438,133.4320068359375
6.65,10.719440819914922,18.806293714498253,18.12490768545179,25.58601651148661,7.088400162261795,12.509794744501606,114.07599639892578,133.40899658203125,139.66200256347656,133.4320068359375
6.7,10.764513353612651,19.08745434282476,18.321608126938102,25.701009013248463,7.238565111956315,12.774794148851873,114.22599792480469,133.41600036621094,139.927001953125,133.4320068359375
6.75,10.807503853713406,19.016245774926514,18.46004257420602,25.817002913608466,7.3877317043722055,13.039793542728765,114.375,133.42300415039062,140.19200134277344,133.4320068359375
6.800000000000001,10.841135246332808,19.275193672753787,18.63125131202372,25.93399828388512,7.537853051494724,13.306791835671842,114.5250015258789,133.4290008544922,140.45899963378906,133.4320068359375
6.8500000000000005,10.860366594112515,19.18659775564008,18.78505390650832,26.04999573112279,7.68901636893637,13.573790126737133,114.6760025024414,133.43600463867188,140.7259979248047,133.4320068359375
6.9,10.861092293357082,19.427474840435412,18.875648079619225,26.167993549018846,7.840136374867966,13.842787319358553,114.8270034790039,133.44200134277344,140.9949951171875,133.4320068359375
6.95,10.839931852288302,19.324047300252516,19.00498538943978,26.287015059021684,7.990250100679357,14.111799773017754,114.97699737548828,133.447998046875,141.26400756835938,133.4320068359375
7.0,10.801822650152703,19.551062569076432,19.107225413274076,26.408013916876723,8.140371451655861,14.382795868529422,115.12699890136719,133.45399475097656,141.53500366210938,133.4320068359375
7.050000000000001,10.753397587476115,19.435287296407864,19.19670359608195,26.529013078818725,8.290493414567191,14.653793781160116,115.2770004272461,133.4600067138672,141.80599975585938,133.43299865722656
7.1000000000000005,10.699413036141632,19.65117882169553,19.276083608851117,26.65202086567303,8.439616120315147,14.925796956916257,115.4260025024414,133.46600341796875,142.0780029296875,133.43299865722656
7.15,10.646244094518337,19.52539392360387,19.347993629761678,26.776037012990937,8.587732565568174,15.197800134016552,115.5739974975586,133.4720001220703,142.35000610351562,133.43299865722656
7.2,10.602896355453266,19.732250914852465,19.41247328696445,26.9030282428662,8.734820919032325,15.471786951611307,115.72100067138672,133.4770050048828,142.62399291992188,133.43299865722656
7.25,10.570592449106172,19.906849418344486,19.501533651306243,27.03304916486562,8.88190112646715,15.748795010431836,115.86799621582031,133.48199462890625,142.9010009765625,133.43299865722656
7.300000000000001,10.536074067960278,20.07788585433618,19.581802869464486,27.165054592026774,9.027990607690139,16.026794888863666,116.01399993896484,133.48699951171875,143.1790008544922,133.43299865722656
7.3500000000000005,10.491129814340674,19.91045077051646,19.65418817095212,27.296053769237233,9.174080088307164,16.303787687883844,116.16000366210938,133.49200439453125,143.45599365234375,133.43299865722656
7.4,10.440335408288322,20.077418872952062,19.71918257420379,27.43007266382016,9.319131834978833,16.58279464607065,116.30500030517578,133.49600219726562,143.73500061035156,133.43299865722656
7.45,10.38134906175824,19.910090234081085,19.77778686758664,27.562080366974584,9.464214830633232,16.859787444711074,116.44999694824219,133.50100708007812,144.01199340820312,133.43299865722656
7.5,10.31010071839734,20.077454892481814,19.830426099927184,27.697084569895658,9.607276072596346,17.13778732272937,116.59300231933594,133.5050048828125,144.2899932861328,133.43299865722656
7.550000000000001,10.230517972721284,19.910162308031335,19.877913601089528,27.83110233263339,9.750329688596139,17.41479721066919,116.73600006103516,133.50900268554688,144.56700134277344,133.4340057373047
7.6000000000000005,10.150557881870053,20.077418826645452,19.92053760158452,27.968113881401077,9.891385195283029,17.692797088660132,116.87699890136719,133.51300048828125,144.84500122070312,133.4340057373047
7.65,10.065754473024478,19.91019834071068,19.959018043295202,28.105118266806024,10.03144165558884,17.969789887119447,117.01699829101562,133.51699829101562,145.1219940185547,133.4340057373047
7.7,9.970021511931408,20.07741881339749,19.993534833149702,28.245136708392124,10.170499075656807,18.24879684517838,117.15599822998047,133.52099609375,145.4010009765625,133.4340057373047
7.75,9.880283710456967,19.910198324630755,19.99386972377833,28.38413773384553,10.308532300983174,18.525789643595463,117.29399871826172,133.5240020751953,145.67799377441406,133.4340057373047
7.800000000000001,9.801290967147471,20.077418799974076,19.99382301834212,28.5261482075581,10.444592634734995,18.803789521562845,117.43000030517578,133.5279998779297,145.95599365234375,133.4340057373047
7.8500000000000005,9.733439436747695,19.910198309361856,19.99379777222666,28.667163929117567,10.580627437990056,19.080797578711948,117.56600189208984,133.531005859375,146.23300170898438,133.4340057373047
7.9,9.686377354916887,20.077418787487964,19.993797763680252,28.81117052547843,10.715655069600245,19.35978927795468,117.70099639892578,133.53399658203125,146.51199340820312,133.4340057373047
7.95,9.662657639863628,19.91016224642227,19.993804964914368,28.95418557607815,10.849691466972498,19.636797335043624,117.83499908447266,133.53700256347656,146.78900146484375,133.4340057373047
8.0,9.662639701609296,20.077454824886352,19.993804958154822,29.09819260121078,10.98372752514011,19.914797212984375,117.96900177001953,133.5399932861328,147.06700134277344,133.4340057373047
8.05,9.678687195106184,19.91016223434581,19.993804950786274,29.241193121690664,11.117737724313757,20.191791786914806,118.10299682617188,133.54200744628906,147.343994140625,133.43499755859375
8.1,9.700394700307585,20.077454814976935,19.99380854961942,29.385208026646627,11.252772991729673,20.470798744925787,118.23799896240234,133.5449981689453,147.6230010986328,133.43499755859375
8.15,9.72019964435952,19.9101622235864,19.99380493790699,29.527209049106986,11.38780859845585,20.747791543112204,118.37300109863281,133.54800415039062,147.89999389648438,133.43499755859375
8.200000000000001,9.736986989374891,20.077454807639242,19.993808537331166,29.670213428901583,11.522825539753638,21.025791421042207,118.50800323486328,133.5500030517578,148.17799377441406,133.43499755859375
8.25,9.753925726773897,19.91016221491847,19.993804926359935,29.81223369476016,11.65783485079619,21.302799477970762,118.64299774169922,133.552001953125,148.4550018310547,133.43499755859375
8.3,9.770617256781586,20.077454801284432,19.993808526490973,29.955234541904325,11.793869321438226,21.581791177189828,118.77899932861328,133.55499267578125,148.73399353027344,133.43499755859375
8.35,9.790699308577588,19.910162208333613,19.99380491638815,30.096247983427308,11.929885825170073,21.858799234087776,118.91500091552734,133.5570068359375,149.01100158691406,133.43499755859375
8.4,9.818780242715874,20.077454796648425,19.993808517304196,30.238253244527993,12.065902103223422,22.13679911202001,119.0510025024414,133.5590057373047,149.28900146484375,133.43499755859375
8.450000000000001,9.852373365169342,19.910162202996563,19.993808512961625,30.37825205850459,12.202917724547964,22.41379191010044,119.18800354003906,133.56100463867188,149.5659942626953,133.43499755859375
8.5,9.889608264552951,20.07745479271241,19.99380850974423,30.519265639268365,12.339925717043444,22.69179178803545,119.32499694824219,133.56300354003906,149.843994140625,133.43499755859375
8.55,9.935848387769033,19.91016219832805,19.99380850614245,30.659267960154683,12.477929771253589,22.969791666168753,119.46299743652344,133.56399536132812,150.1219940185547,133.43499755859375
8.6,9.993433251426232,20.07745478949505,19.993808503594263,30.79927028633926,12.61594473765209,23.247793368221576,119.60099792480469,133.5659942626953,150.39999389648438,133.43600463867188
8.65,10.052388970922781,19.91016219440805,19.99380850067643,30.937285643815965,12.754959050888456,23.524801425049624,119.73999786376953,133.5679931640625,150.677001953125,133.43600463867188
8.700000000000001,10.113617965511787,20.07745478690833,19.99380849860334,31.074289734079425,12.895961489814733,23.802801302993313,119.88099670410156,133.56900024414062,150.9550018310547,133.43600463867188
8.75,10.190437991644334,19.910162191410063,19.9938084962525,31.210283404188296,13.036982129292868,24.07979410101718,120.02200317382812,133.5709991455078,151.23199462890625,133.43600463867188
8.8,10.275613544811684,20.077454784787662,19.993808494602824,31.347295148393297,13.17898399433636,24.358801059043458,120.16400146484375,133.57200622558594,151.51100158691406,133.43600463867188
8.85,10.340091528456467,19.910162188866497,19.993808492656107,31.481297647907716,13.3219957084832,24.63579385705283,120.30699920654297,133.57400512695312,151.78799438476562,133.43600463867188
8.9,10.377320007428354,20.077454782930428,19.99380849128431,31.615303396341893,13.465996317144393,24.913793735005182,120.45099639892578,133.5749969482422,152.0659942626953,133.43600463867188
8.950000000000001,10.39028688341904,19.910162186615704,19.993808489646224,31.74830977619839,13.61000466034559,25.190801791792012,120.59500122070312,133.5760040283203,152.34300231933594,133.43600463867188
9.0,10.381081745680756,20.077454781588255,19.99380848853381,31.882307905518253,13.75500469683226,25.4697934910383,120.73999786376953,133.57699584960938,152.6219940185547,133.43600463867188
9.05,10.360143293023702,19.910162184779818,19.99380848717899,32.01531429599182,13.899013043628171,25.746801547814293,120.88400268554688,133.5780029296875,152.8990020751953,133.43600463867188
9.1,10.332548177856427,20.07745478032398,19.993808486261877,32.15031510966461,14.042014230611674,26.024803195031293,121.0270004272461,133.57899475097656,153.177001953125,133.43699645996094
9.15,10.303119128336517,19.91016218324918,19.99380848514599,32.28331386849284,14.186014951172005,26.301795993011133,121.1709976196289,133.5800018310547,153.45399475097656,133.43699645996094
9.200000000000001,10.274485650632414,20.07745477953896,19.993808484409055,32.42031795757501,14.328024341508879,26.58080295105348,121.31300354003906,133.58099365234375,153.73300170898438,133.43699645996094
9.25,10.247113628550274,19.91016218203219,19.993808483471266,32.55431616759985,14.471025634571085,26.85779574902524,121.45600128173828,133.58200073242188,154.00999450683594,133.43699645996094
9.3,10.2226241370436,20.077454778770978,19.9938084828696,32.6903208254178,14.613027393139987,27.13579562699315,121.5979995727539,133.58299255371094,154.28799438476562,133.43699645996094
9.35,10.196624048283589,19.91016218096477,19.993808482079427,32.82532925016387,14.755025686703583,27.41280368374843,121.73999786376953,133.58299255371094,154.56500244140625,133.43699645996094
9.4,10.16554954788849,20.077454778171845,19.99380848160357,32.963325225706086,14.896028125410096,27.691795383008643,121.88099670410156,133.58399963378906,154.843994140625,133.43699645996094
9.450000000000001,10.126592066969883,19.910162180109893,19.993808480952985,33.099325465791196,15.03703459669149,27.968803439758524,122.02200317382812,133.58399963378906,155.12100219726562,133.43699645996094
9.5,10.080329104685227,20.0774547777607,19.99380848057023,33.237329068155596,15.177037610066407,28.24680331773372,122.16200256347656,133.5850067138672,155.3990020751953,133.43699645996094
9.55,10.031258039626909,19.910162179485027,19.99380848004075,33.37432112364722,15.317037001252572,28.523796115690367,122.302001953125,133.5850067138672,155.67599487304688,133.43699645996094
9.600000000000001,9.97286501621756,20.07745477732994,19.99380847974135,33.51431907499526,15.455041055275995,28.80179781778253,122.44000244140625,133.58599853515625,155.95399475097656,133.43800354003906
9.65,9.90252006103779,19.910162178974044,19.993808479313834,33.653325293691026,15.593041545590618,29.078805874521994,122.5780029296875,133.58599853515625,156.2310028076172,133.43800354003906
9.700000000000001,9.832823844998755,20.077454777232912,19.99380847908323,33.79532221754461,15.73003495607306,29.35779757379185,122.71499633789062,133.58599853515625,156.50999450683594,133.43800354003906
9.75,9.77968838410893,19.91016217847887,19.9938084787279,33.93632734090989,15.866036544553312,29.634805630530252,122.85099792480469,133.58599853515625,156.78700256347656,133.43800354003906
9.8,9.758125359148618,20.077454777073463,19.993808478558144,34.078328675779254,16.002041860352644,29.91280550851258,122.98699951171875,133.58700561523438,157.06500244140625,133.43800354003906
9.850000000000001,9.76838702609956,19.91016217822017,19.993808478283686,34.21931854447552,16.138043447609068,30.189798306458762,123.12300109863281,133.58700561523438,157.3419952392578,133.43800354003906
9.9,9.79769316933555,20.077454776927276,19.99380847815923,34.36232256539238,16.274045037213163,30.468805264521375,123.25900268554688,133.58700561523438,157.62100219726562,133.43800354003906
9.950000000000001,9.83704353399795,19.910162177981217,19.993808477946363,34.50332008536866,16.41003900044017,30.74579806246496,123.3949966430664,133.58700561523438,157.8979949951172,133.43800354003906
10.0,9.878841235191185,20.07745477693574,19.993808477863865,34.64431761616829,16.54704004567332,31.023797940452063,123.53199768066406,133.58700561523438,158.17599487304688,133.43800354003906
10.05,9.918083981744045,19.910162177723116,19.993808477687672,34.78332390391609,16.68504054155801,31.300805997182657,123.66999816894531,133.58700561523438,158.4530029296875,133.43800354003906
10.100000000000001,9.952970981911575,20.077454776972736,19.993808477651953,34.92430960900065,16.82304103613959,31.579799459428774,123.80799865722656,133.58700561523438,158.73199462890625,133.43899536132812
10.15,9.98461802569698,19.910162177637034,19.99380847751825,35.06331593399429,16.961041528854132,31.85680751615734,123.94599914550781,133.58700561523438,159.00900268554688,133.43899536132812
10.200000000000001,10.012449128376323,20.07745477704694,19.99380847749966,35.20231463948115,17.100041470601,32.1348073941467,124.08499908447266,133.58700561523438,159.28700256347656,133.43899536132812
10.25,10.039451979338795,19.91016217764964,19.99380847741673,35.340306283454645,17.239041411114627,32.4118001920842,124.2239990234375,133.58700561523438,159.56399536132812,133.43899536132812
10.3,10.067679670665498,20.077454777114294,19.993808477420817,35.47931263748086,17.379040801641146,32.690807150154605,124.36399841308594,133.58700561523438,159.84300231933594,133.43899536132812
10.350000000000001,10.087194666430376,19.910162177700002,19.9938084773688,35.61630068737592,17.519043813803137,32.96779994809136,124.50399780273438,133.58599853515625,160.1199951171875,133.43899536132812
10.4,10.090401736110115,20.077454777303963,19.993808477406468,35.754300004715546,17.659043203458676,33.24579982608472,124.64399719238281,133.58599853515625,160.3979949951172,133.43899536132812
10.450000000000001,10.079136733125521,19.91016217778005,19.993808477386352,35.89130751810046,17.799042593347263,33.522807882807584,124.78399658203125,133.58599853515625,160.6750030517578,133.43899536132812
10.5,10.055918787948615,20.077454777521382,19.99380847744492,36.029299223891734,17.939049613509056,33.8008077608018,124.92400360107422,133.58599853515625,160.9530029296875,133.43899536132812
10.55,10.023017247421587,19.9101621779234,19.993808477464945,36.16729093850949,18.0780495547275,34.07780055873391,125.06300354003906,133.58599853515625,161.22999572753906,133.43899536132812
10.600000000000001,9.986912239724441,20.07745477757882,19.993808477525555,36.30728876720533,18.21705303535574,34.35680933433593,125.2020034790039,133.5850067138672,161.50900268554688,133.44000244140625
10.65,9.951885974094798,19.91016217798621,19.99380847756047,36.445280529704426,18.356052977620884,34.633802132267796,125.34100341796875,133.5850067138672,161.78599548339844,133.44000244140625
10.700000000000001,9.919991496784146,20.07745477785233,19.99380847764101,36.58528644482631,18.49404583933212,34.911802010263536,125.47899627685547,133.5850067138672,162.06399536132812,133.44000244140625
10.75,9.899473734780715,19.910162178179622,19.993808477694007,36.72528840588337,18.63105058013642,35.1888100669835,125.61599731445312,133.58399963378906,162.34100341796875,133.44000244140625
10.8,9.900519031302153,20.07745477810549,19.993808477793127,36.866278537201346,18.769051068898502,35.46780176626807,125.75399780273438,133.58399963378906,162.6199951171875,133.44000244140625
10.850000000000001,9.92338073938143,19.91016217830095,19.993808477853225,37.00628449227613,18.906052106520637,35.74480982298732,125.89099884033203,133.58399963378906,162.89700317382812,133.44000244140625
10.9,9.959598476845196,20.07745477830803,19.99380847795363,37.145279492472994,19.045055694566532,36.022809700983935,126.02999877929688,133.58299255371094,163.1750030517578,133.44000244140625
10.950000000000001,10.005824015260309,19.910162178496396,19.99380847802526,37.28427077604184,19.18305618528576,36.29980249891484,126.16799926757812,133.58299255371094,163.45199584960938,133.44000244140625
11.0,10.05968070631576,20.077454778615593,19.993808478134685,37.42327732593176,19.323055578741457,36.5788094569911,126.30799865722656,133.58299255371094,163.7310028076172,133.44000244140625
11.05,10.10219816020466,19.910162178754412,19.993808478217787,37.56026597512219,19.4630584857183,36.85580225492035,126.447998046875,133.58200073242188,164.00799560546875,133.44000244140625
11.100000000000001,10.122394975906316,20.07745477891932,19.993808478351834,37.69826548086602,19.603057877712807,37.1338021329194,126.58799743652344,133.58200073242188,164.28599548339844,133.44000244140625
11.15,10.121279656613662,19.91016217894026,19.993808478447242,37.83426628643239,19.744060315057144,37.410811965228284,126.72899627685547,133.58099365234375,164.56300354003906,133.4409942626953
11.200000000000001,10.097591463254028,20.077454779166814,19.99380847857869,37.97325001853881,19.884067334134212,37.68980366451548,126.86900329589844,133.58099365234375,164.8419952392578,133.4409942626953
11.25,10.055939461317255,19.910162179258638,19.99380847868659,38.11025775770437,20.024066725004978,37.96681172123378,127.00900268554688,133.58099365234375,165.11900329589844,133.4409942626953
11.3,10.003379865014708,20.0774547794552,19.99380847882156,38.24925314471935,20.163070205723724,38.24481159923305,127.14800262451172,133.5800018310547,165.39700317382812,133.4409942626953
11.350000000000001,9.952727235728553,19.91016217943589,19.993808478935055,38.38724509555476,20.3020701494128,38.52180439716229,127.28700256347656,133.5800018310547,165.6739959716797,133.4409942626953
11.4,9.910894478659548,20.07745477974354,19.993808479078606,38.52723995020526,20.440074316760565,38.79980427516224,127.42500305175781,133.57899475097656,165.95199584960938,133.4409942626953
11.450000000000001,9.876405315375658,19.91016217979041,19.993808479208006,38.66824551868891,20.577067728097013,39.07780415316745,127.56199645996094,133.57899475097656,166.22999572753906,133.4409942626953
11.5,9.849512912079772,20.077454780074117,19.99380847935386,38.80923995028667,20.714072357543344,39.355804031167395,127.6989974975586,133.5780029296875,166.50799560546875,133.4409942626953
11.55,9.834895968756198,19.910162180010296,19.993808479479448,38.94924610001339,20.851073395715826,39.63281208788381,127.83599853515625,133.5780029296875,166.78500366210938,133.4409942626953
11.600000000000001,9.83784689714615,20.07745478035655,19.993808479623173,39.09124351571308,20.98707498263649,39.91081196588376,127.97200012207031,133.5780029296875,167.06300354003906,133.4409942626953
11.65,9.858114281265053,19.910162180273492,19.993808479756492,39.231235066105455,21.1240720928814,40.18780659455622,128.10899353027344,133.57699584960938,167.33999633789062,133.44200134277344
11.700000000000001,9.892529962947075,20.077454780673655,19.99380847990718,39.373232519466356,21.261080761672147,40.46681355263404,128.24600219726562,133.57699584960938,167.61900329589844,133.44200134277344
11.75,9.936161302598506,19.910162180508802,19.993808480032197,39.51222063880621,21.3990848174943,40.74380635056046,128.38400268554688,133.5760040283203,167.89599609375,133.44200134277344
11.8,9.979252660591385,20.077454780994174,19.993808480186097,39.652219226179284,21.537085310170916,41.02180622856221,128.52200317382812,133.5760040283203,168.1739959716797,133.44200134277344
11.850000000000001,10.02140747606943,19.91016218093377,19.99380848033588,39.790234187904026,21.676077623848524,41.29881428527793,128.66099548339844,133.5760040283203,168.4510040283203,133.44200134277344
11.9,10.062734885948085,20.077454781350994,19.99380848049663,39.92922234499817,21.81608063918465,41.577805984568485,128.80099487304688,133.5749969482422,168.72999572753906,133.44200134277344
11.950000000000001,10.09743770361556,19.910162181263075,19.993808480643892,40.06623025467359,21.956080031277196,41.85481404128304,128.9409942626953,133.5749969482422,169.0070037841797,133.44200134277344
12.0,10.120260615698307,20.077454781651806,19.99380848080166,40.20321964196707,22.097089990325976,42.13281391928389,129.08200073242188,133.57400512695312,169.28500366210938,133.44200134277344
12.05,10.121734655527714,19.910162181542958,19.993808480954925,40.34021231427057,22.237089380141015,42.40980671721055,129.2220001220703,133.57400512695312,169.56199645996094,133.44200134277344
12.100000000000001,10.10243751907716,20.07745478202382,19.993808481121654,40.478208794519354,22.378099446339146,42.6888136752904,129.36300659179688,133.572998046875,169.84100341796875,133.44200134277344
12.15,10.068775655050176,19.910162181812467,19.993808481275554,40.615198300897056,22.518098837457877,42.9658082489064,129.5030059814453,133.572998046875,170.1179962158203,133.4429931640625
12.200000000000001,10.029246354936161,20.077454782304734,19.99380848143866,40.75420515948164,22.657091150165137,43.24380812690815,129.64199829101562,133.572998046875,170.39599609375,133.4429931640625
12.25,9.991048312973506,19.910162182200924,19.99380848160787,40.892201806765534,22.79610226074368,43.52081618362294,129.781005859375,133.57200622558594,170.67300415039062,133.4429931640625
12.3,9.954254531440553,20.077454782710273,19.993808481779485,41.03319231838576,22.934102752835454,43.79980788291282,129.91900634765625,133.57200622558594,170.95199584960938,133.4429931640625
12.350000000000001,9.924805285029032,19.910162182529007,19.993808481939006,41.17219920198497,23.07210324405756,44.07681593962761,130.0570068359375,133.57200622558594,171.22900390625,133.4429931640625
12.4,9.90806330639321,20.077454782949623,19.993808482098867,41.312194773944604,23.210107408478894,44.35481581762845,130.19500732421875,133.5709991455078,171.5070037841797,133.4429931640625
12.450000000000001,9.902662220052187,19.9101621827749,19.993808482250053,41.45120167725733,23.34809263839295,44.631808615554874,130.33299255371094,133.5709991455078,171.78399658203125,133.4429931640625
12.5,9.910364911182379,20.07745478335124,19.993808482419997,41.592189177554296,23.485104895292768,44.909808493556625,130.47000122070312,133.57000732421875,172.06199645996094,133.4429931640625
12.55,9.931998921923345,19.910162183137036,19.993808482579404,41.73119609988584,23.623105383936334,45.18681655027049,130.60800170898438,133.57000732421875,172.33900451660156,133.4429931640625
12.600000000000001,9.963713791009434,20.077454783704415,19.99380848274746,41.87218361722259,23.761105873529694,45.46581006718946,130.74600219726562,133.57000732421875,172.6179962158203,133.44400024414062
12.65,10.001584453797792,19.910162183518874,19.993808482918105,42.01019573279949,23.900101833822347,45.74281812390424,130.88499450683594,133.56900024414062,172.89500427246094,133.44400024414062
12.700000000000001,10.04467532049118,20.07745478395719,19.99380848308335,42.14918742913375,24.039109405292876,46.02081800190622,131.0240020751953,133.56900024414062,173.17300415039062,133.44400024414062
12.75,10.08445399095262,19.91016218377772,19.99380848324103,42.286180236898055,24.17910879805567,46.29781079983195,131.16400146484375,133.56900024414062,173.4499969482422,133.44400024414062
12.8,10.107313413980629,20.07745478435582,19.99380848340558,42.42518424466998,24.319111811901163,46.57681775791157,131.3040008544922,133.5679931640625,173.72900390625,133.44400024414062
12.850000000000001,10.10389115441103,19.910162184148387,19.99380848356752,42.561169993912344,24.46011828212734,46.8538105558373,131.44500732421875,133.5679931640625,174.00599670410156,133.44400024414062
12.9,10.075629978327207,20.077454784687983,19.993808483741354,42.69916989843636,24.600117671847137,47.13181043383905,131.5850067138672,133.5679931640625,174.28399658203125,133.44400024414062
12.950000000000001,10.034012737372382,19.910162184444594,19.993808483908325,42.83617513015819,24.74012057602461,47.408818490553834,131.72500610351562,133.56700134277344,174.56100463867188,133.44400024414062
13.0,9.988435335431848,20.077454785022848,19.993808484075487,42.977165761701066,24.878121067263272,47.68781018984462,131.86300659179688,133.56700134277344,174.83999633789062,133.44400024414062
13.05,9.938429960715663,19.910162184806914,19.99380848424247,43.115178084019426,25.0171133808779,47.96482007720459,132.0019989013672,133.56700134277344,175.11700439453125,133.44500732421875
13.100000000000001,9.891269014274908,20.077454785325653,19.9938084844046,43.25616590388946,25.154125753431963,48.24281995520634,132.13900756835938,133.5659942626953,175.39500427246094,133.44500732421875
13.15,9.868012090330556,19.9101621850914,19.99380848456185,43.39616474769974,25.291119164435546,48.51981275313207,132.2760009765625,133.5659942626953,175.6719970703125,133.44500732421875
13.200000000000001,9.872618499417671,20.07745478572245,19.993808484738373,43.53717067121756,25.429119653315066,48.79881971121169,132.41400146484375,133.5659942626953,175.9510040283203,133.44500732421875
13.25,9.898286081672694,19.910162185550845,19.99380848491569,43.677169522014076,25.566113061580147,49.0758125091365,132.55099487304688,133.5659942626953,176.22799682617188,133.44500732421875
13.3,9.93810117444899,20.077454786087987,19.993808485088906,43.81716564888617,25.704117115264438,49.353812387139165,132.68899536132812,133.56500244140625,176.50599670410156,133.44500732421875
13.350000000000001,9.982452438792025,19.91016218596244,19.993808485270314,43.95617269762845,25.842117606550893,49.63082044385303,132.82699584960938,133.56500244140625,176.7830047607422,133.44500732421875
13.4,10.031519286647828,20.077454786437613,19.993808485445278,44.0951644909367,25.981125179026854,49.9088203218557,132.96600341796875,133.56500244140625,177.06100463867188,133.44500732421875
13.450000000000001,10.085734309427867,19.91016218623911,19.993808485624726,44.232157393516744,26.12112457346729,50.185813119780505,133.1060028076172,133.56500244140625,177.33799743652344,133.44500732421875
13.5,10.127313360401782,20.077454786766296,19.99380848579907,44.37116178086816,26.2611239672225,50.464821840731695,133.24600219726562,133.56500244140625,177.61700439453125,133.4459991455078
13.55,10.142072911769088,19.910162186583108,19.993808485976693,44.50716019887485,26.402118776649594,50.7418146386565,133.38699340820312,133.56399536132812,177.8939971923828,133.4459991455078
13.600000000000001,10.133575771306408,20.077454787076018,19.99380848615173,44.644153127110876,26.543125246539635,51.01981451665848,133.5279998779297,133.56399536132812,178.1719970703125,133.4459991455078
13.65,10.108375137491231,19.910162186889448,19.99380848633153,44.78015424042896,26.6841317165515,51.296822573372346,133.66900634765625,133.56399536132812,178.44900512695312,133.4459991455078
13.700000000000001,10.071870645502509,20.077454787495558,19.993808486508843,44.919146068889845,26.824131107864694,51.5758142726629,133.8090057373047,133.56399536132812,178.72799682617188,133.4459991455078
13.75,10.028705713450503,19.910162187268693,19.993808486680628,45.05715875471397,26.96312695945095,51.852822329375854,133.947998046875,133.56300354003906,179.0050048828125,133.4459991455078
13.8,9.987953577885778,20.077454787849916,19.99380848685682,45.196150597038745,27.102134531946398,52.130822207377605,134.08700561523438,133.56300354003906,179.2830047607422,133.4459991455078
13.850000000000001,9.948893193444633,19.91016218758425,19.993808487019,45.334150624278614,27.241126845307026,52.407815005301494,134.2259979248047,133.56300354003906,179.55999755859375,133.4459991455078
13.9,9.913611982284046,20.077454788182386,19.993808487193476,45.47614844383773,27.37813551538321,52.686821963381114,134.36300659179688,133.56300354003906,179.83900451660156,133.4459991455078
13.950000000000001,9.894279857321061,19.91016218798151,19.99380848736772,45.61513772270028,27.516136005271424,52.96381659205104,134.50100708007812,133.56300354003906,180.11599731445312,133.44700622558594
14.0,9.898455080538902,20.07745478859137,19.993808487550226,45.75614373792949,27.65312941375783,53.24181647005279,134.63800048828125,133.56300354003906,180.3939971923828,133.44700622558594
14.05,9.931430838318827,19.910162188314366,19.99380848772335,45.895150860936255,27.79112990225001,53.51882452676574,134.7760009765625,133.56300354003906,180.67100524902344,133.44700622558594
14.100000000000001,9.98931900805185,20.077454788954434,19.993808487911192,46.03613909638931,27.929134067468876,53.7978162260563,134.91400146484375,133.56199645996094,180.9499969482422,133.44700622558594
14.15,10.060850854558538,19.910162188699868,19.993808488092235,46.173147337239506,28.06913346268403,54.07482428276925,135.0540008544922,133.56199645996094,181.2270050048828,133.44700622558594
14.200000000000001,10.127630272736543,20.07745478933022,19.9938084882757,46.31114739887985,28.20913285994229,54.352824160771,135.19400024414062,133.56199645996094,181.5050048828125,133.44700622558594
14.25,10.169498192512524,19.910162189081806,19.993808488457013,46.447133309122556,28.35013933564121,54.629816958695805,135.3350067138672,133.56199645996094,181.78199768066406,133.44700622558594
14.3,10.180261949522627,20.077454789683777,19.9938084886404,46.58414155752185,28.492137629075746,54.908823916776335,135.4770050048828,133.56199645996094,182.06100463867188,133.44700622558594
14.350000000000001,10.160641659884199,19.910162189469887,19.99380848882896,46.72014273133313,28.633128840132546,55.18581671470114,135.6179962158203,133.56199645996094,182.33799743652344,133.44700622558594
14.4,10.11672099996866,20.07745479007952,19.993808489018676,46.8571333022586,28.774135310660142,55.463818361960584,135.75900268554688,133.56199645996094,182.61599731445312,133.447998046875
14.450000000000001,10.05948116943751,19.91016218979693,19.99380848920022,46.99414156489974,28.914134703879377,55.740826418674445,135.8990020751953,133.56199645996094,182.89300537109375,133.447998046875
14.5,10.004832603580065,20.07745479047301,19.99380848938838,47.13314872539934,29.053127019321114,56.01882629667711,136.03799438476562,133.56199645996094,183.17100524902344,133.447998046875
14.55,9.961740304503923,19.91016219016012,19.993808489572956,47.27213824819416,29.19113107745623,56.29581909460192,136.17599487304688,133.56100463867188,183.447998046875,133.447998046875
14.600000000000001,9.925740210122212,20.077454790754082,19.993808489752922,47.413144316216,29.32913156988408,56.57482605268245,136.31399536132812,133.56100463867188,183.7270050048828,133.447998046875
14.65,9.894492581306997,19.910162190515265,19.99380848993446,47.55213623216117,29.467132060719322,56.85181885060725,136.45199584960938,133.56100463867188,184.00399780273438,133.447998046875
14.700000000000001,9.873576410217959,20.077454791164783,19.99380849011792,47.693127046170616,29.604140728854833,57.12981872860992,136.58900451660156,133.56100463867188,184.28199768066406,133.447998046875
14.75,9.871991900299449,19.910162190834143,19.993808490293155,47.833141302715816,29.741134137216942,57.40682678532378,136.7259979248047,133.56100463867188,184.5590057373047,133.447998046875
14.8,9.889739909774699,20.07745479149958,19.99380849047473,47.974132121338044,29.879134625670687,57.68581848461525,136.86399841308594,133.56100463867188,184.83799743652344,133.447998046875
14.850000000000001,9.921383920789383,19.910162191235155,19.993808490651258,48.11412876886706,30.016143294006792,57.96282837197339,137.00100708007812,133.56100463867188,185.11500549316406,133.44900512695312
14.9,9.959327920945624,20.077454791848066,19.993808490828116,48.2541277802995,30.154143785167285,58.24082824997514,137.13900756835938,133.56100463867188,185.39300537109375,133.44900512695312
14.950000000000001,10.001196110537398,19.9101621916159,19.993808491010007,48.39212789791871,30.293136098565387,58.51782104789903,137.2779998779297,133.56100463867188,185.6699981689453,133.44900512695312
15.0,10.048032190426696,20.077454792241024,19.993808491186815,48.53212691371067,30.432143671238318,58.79682800597865,137.41700744628906,133.56100463867188,185.94900512695312,133.44900512695312
15.05,10.084032154622603,19.910162191995074,19.99380849137031,48.669119958200085,30.572143064642873,59.07382080390345,137.5570068359375,133.56100463867188,186.2259979248047,133.44900512695312
15.100000000000001,10.09969197152739,20.077454792587645,19.99380849155366,48.80712008213821,30.71214245614951,59.35182068190612,137.69700622558594,133.56100463867188,186.50399780273438,133.44900512695312
15.15,10.096092248539517,19.910162192304917,19.99380849173263,48.943136570750916,30.85313366742275,59.62882873861907,137.83799743652344,133.56100463867188,186.781005859375,133.44900512695312
15.200000000000001,10.069632389313835,20.07745479298332,19.993808491914482,49.082128517401955,30.99313305717456,59.90782043790963,137.97799682617188,133.56100463867188,187.05999755859375,133.44900512695312
15.25,10.022256457707616,19.910162192653967,19.993808492096463,49.22012864737892,31.132140627094596,60.18482849462258,138.11700439453125,133.56100463867188,187.33700561523438,133.44900512695312
15.3,9.961560467339194,20.07745479333098,19.993808492279605,49.359133616266696,31.271132940738227,60.46283014188111,138.25599670410156,133.56100463867188,187.61500549316406,133.4499969482422
15.350000000000001,9.896184137873746,19.910162193066125,19.9938084924627,49.49812557529612,31.40913343517856,60.739822939805,138.3939971923828,133.56100463867188,187.89199829101562,133.4499969482422
15.4,9.832572490848449,20.077454793710306,19.993808492648927,49.6391164326901,31.54614210890596,61.01782281780675,138.531005859375,133.56100463867188,188.1699981689453,133.4499969482422
15.450000000000001,9.782207954002034,19.910162193448496,19.993808492832187,49.78012255086065,31.68214370129774,61.294830874519704,138.66700744628906,133.56100463867188,188.44700622558594,133.4499969482422
15.5,9.763056602030632,20.077454794058028,19.993808493013884,49.92411938629999,31.81713821056105,61.57382257381026,138.802001953125,133.56100463867188,188.7259979248047,133.4499969482422
15.55,9.774360558444831,19.910162193796207,19.993808493194,50.065125508433105,31.95313979760007,61.85083063052321,138.93800354003906,133.56100463867188,189.0030059814453,133.4499969482422
15.600000000000001,9.803592829363895,20.07745479443743,19.993808493378978,50.20712345137184,32.08914138512878,62.12883050852496,139.07400512695312,133.56100463867188,189.281005859375,133.4499969482422
15.65,9.84502851020995,19.910162194120417,19.99380849356053,50.34811431860528,32.225142974823136,62.40582330644977,139.2100067138672,133.56100463867188,189.55799865722656,133.4499969482422
15.700000000000001,9.892620829366763,20.077454794770468,19.993808493739245,50.489120446534976,32.36314346803508,62.6848302645303,139.34800720214844,133.56100463867188,189.83700561523438,133.4499969482422
15.75,9.940176244352022,19.91016219448706,19.99380849392255,50.62911730065925,32.50013688222775,62.96182489320114,139.48500061035156,133.56100463867188,190.11399841308594,133.4510040283203
15.8,9.984456362168533,20.077454795111688,19.993808494100623,50.768124541845616,32.63912919730894,63.23982477120289,139.62399291992188,133.56100463867188,190.39199829101562,133.4510040283203
15.850000000000001,10.020096765751726,19.910162194814525,19.993808494275463,50.906124707125564,32.77813676976786,63.51683282791676,139.76300048828125,133.56100463867188,190.66900634765625,133.4510040283203
15.9,10.048392638677365,20.077454795542756,19.99380849445871,51.046123770859346,32.91712908166087,63.795824527207316,139.90199279785156,133.56100463867188,190.947998046875,133.4510040283203
15.950000000000001,10.070893225071408,19.91016219527121,19.99380849464098,51.1831168618909,33.05714373114624,64.07283258392118,140.04200744628906,133.56100463867188,191.22500610351562,133.4510040283203
16.0,10.082592872326634,20.077454795853836,19.99380849482056,51.32111703232913,33.19714312103248,64.35083246192386,140.1820068359375,133.56100463867188,191.5030059814453,133.4510040283203
16.05,10.083421210406529,19.910162195612983,19.993808495002238,51.4581101267043,33.337142510685645,64.62782525984866,140.32200622558594,133.56100463867188,191.77999877929688,133.4510040283203
16.1,10.07344947360622,20.07745479618033,19.993808495176527,51.597117378268756,33.477141900684835,64.90683221792919,140.46200561523438,133.56100463867188,192.0590057373047,133.4510040283203
16.150000000000002,10.052209025734637,19.91016219599045,19.99380849536353,51.73411047594761,33.617141291472485,65.183825015854,140.6020050048828,133.56100463867188,192.33599853515625,133.4510040283203
16.2,10.021249110205536,20.077454796579907,19.993808495544474,51.87311563711667,33.756133603219745,65.46182666311344,140.74099731445312,133.56100463867188,192.61399841308594,133.45199584960938
16.25,9.982873415542995,19.910162196339478,19.993808495729716,52.01111582146276,33.89514117469875,65.73883471982731,140.8800048828125,133.56100463867188,192.89100646972656,133.45199584960938
16.3,9.939673182774328,20.077454796929928,19.99380849591154,52.15210672354186,34.0331416666994,66.01782641911878,141.01800537109375,133.56100463867188,193.1699981689453,133.45199584960938
16.35,9.9012974938286,19.910162196608283,19.993808496090917,52.29111606605241,34.17114572263399,66.29483447583264,141.156005859375,133.56199645996094,193.44700622558594,133.45199584960938
16.400000000000002,9.880633819774134,20.077454797277365,19.993808496264375,52.432122224637,34.30813913301898,66.57283435383532,141.29299926757812,133.56199645996094,193.72500610351562,133.45199584960938
16.45,9.88380189582094,19.91016219704724,19.99380849644198,52.572121307009574,34.44513254173203,66.84982715176012,141.42999267578125,133.56199645996094,194.0019989013672,133.45199584960938
16.5,9.91036997110843,20.077454797640883,19.993808496620684,52.7121203910125,34.58313303006587,67.1278270297628,141.5679931640625,133.56199645996094,194.27999877929688,133.45199584960938
16.55,9.955262037455554,19.91016219739737,19.993808496799122,52.851127657477385,34.72113351967584,67.40483508647667,141.70599365234375,133.56199645996094,194.5570068359375,133.45199584960938
16.6,10.010846031842272,20.077454798017087,19.9938084969828,52.99111148593427,34.860141091520894,67.68382678576813,141.84500122070312,133.56199645996094,194.83599853515625,133.45199584960938
16.650000000000002,10.063657701192447,19.910162197704985,19.99380849715425,53.12912486088738,34.99913340598671,67.96083667312719,141.98399353027344,133.56199645996094,195.11300659179688,133.4530029296875
16.7,10.10473373057753,20.077454798350427,19.993808497331305,53.26712505956181,35.139132799937975,68.23883655112986,142.12399291992188,133.56199645996094,195.39100646972656,133.4530029296875
16.75,10.128169832058575,19.91016219807161,19.993808497504517,53.40311110379602,35.280139272164064,68.51582934905467,142.26499938964844,133.56199645996094,195.66799926757812,133.4530029296875
16.8,10.124570118314523,20.077454798747063,19.99380849768623,53.541111305409245,35.42114574243938,68.7948363071352,142.406005859375,133.56199645996094,195.94700622558594,133.4530029296875
16.85,10.092133861878768,19.910162198419737,19.993808497867374,53.678104430482655,35.561145132206306,69.07182910506,142.54600524902344,133.56199645996094,196.2239990234375,133.4530029296875
16.900000000000002,10.037485483903044,20.077454799061517,19.99380849804579,53.816104634950484,35.7011445238982,69.34982898306268,142.68600463867188,133.56199645996094,196.5019989013672,133.4530029296875
16.95,9.977077855913027,19.91016219876951,19.99380849821802,53.95412214346133,35.84014048674567,69.62683703977747,142.8249969482422,133.56300354003906,196.7790069580078,133.4530029296875
17.0,9.916777512307819,20.07745479946851,19.99380849840078,54.095113062108005,35.97814098138479,69.90582873906803,142.96299743652344,133.56300354003906,197.05799865722656,133.4530029296875
17.05,9.862994291365895,19.91016219911205,19.99380849857225,54.23511016049992,36.11514965463795,70.1828385713725,143.10000610351562,133.56300354003906,197.3350067138672,133.45399475097656
17.1,9.83206950931108,20.077454799804975,19.993808498751036,54.37611634617659,36.25214306676051,70.46083844937425,143.23699951171875,133.56300354003906,197.61300659179688,133.45399475097656
17.150000000000002,9.830521983878333,19.91016219944954,19.993808498925496,54.51710727454525,36.38814465470603,70.73783124729815,143.3730010986328,133.56300354003906,197.88999938964844,133.45399475097656
17.2,9.856981888425157,20.077454800170326,19.993808499107484,54.65912054119749,36.525138062937565,71.01683820537868,143.50999450683594,133.56300354003906,198.16900634765625,133.45399475097656
17.25,9.904321819926098,19.91016219987799,19.99380849928812,54.79910439434937,36.66214673161825,71.29383100330348,143.64700317382812,133.56300354003906,198.4459991455078,133.45399475097656
17.3,9.957493937267625,20.0774548005574,19.993808499469157,54.93910350768935,36.80014722430498,71.57183088130523,143.78500366210938,133.56300354003906,198.7239990234375,133.45399475097656
17.35,10.010918411530666,19.91016220021986,19.99380849964917,55.077118983760904,36.93913953973508,71.8488389380191,143.9239959716797,133.56300354003906,199.00100708007812,133.45399475097656
17.400000000000002,10.059482276557286,20.077454800916026,19.99380849983462,55.21610904279444,37.07814711400889,72.1268406401358,144.06300354003906,133.56300354003906,199.2790069580078,133.4550018310547
17.45,10.090189927515725,19.91016220053649,19.99380850001132,55.35310413371261,37.21815002090139,72.4038334380606,144.2030029296875,133.56399536132812,199.55599975585938,133.4550018310547
17.5,10.099009889831578,20.07745480124855,19.993808500189324,55.49111961391823,37.35914123334381,72.68284039614113,144.343994140625,133.56399536132812,199.8350067138672,133.4550018310547
17.55,10.089650050010125,19.91016220092022,19.99380850037014,55.628112758541,37.49914062309257,72.95983319406594,144.48399353027344,133.56399536132812,200.11199951171875,133.4550018310547
17.6,10.06711433717462,20.07745480160873,19.99380850055051,55.766112982556905,37.63914001300638,73.23783307206861,144.62399291992188,133.56399536132812,200.38999938964844,133.4550018310547
17.650000000000002,10.033273852227488,19.910162201284468,19.993808500734005,55.904113207883796,37.77814758280309,73.51484112878155,144.76300048828125,133.56399536132812,200.66700744628906,133.4550018310547
17.7,9.990865761471332,20.077454802008806,19.993808500917854,56.04411233206896,37.91713989526464,73.79383282807211,144.90199279785156,133.56399536132812,200.9459991455078,133.4550018310547
17.75,9.944101745929354,19.91016220161193,19.993808501091248,56.18211255999703,38.05614746758391,74.07084088478598,145.04100036621094,133.56399536132812,201.22300720214844,133.4550018310547
17.8,9.903637709820243,20.07745480238862,19.99380850127437,56.323116854442446,38.19314087982701,74.34884253204542,145.17799377441406,133.56399536132812,201.50100708007812,133.45599365234375
17.85,9.882757664468729,19.91016220199354,19.99380850145174,56.46210890911282,38.331141370602936,74.62583532996932,145.3159942626953,133.56399536132812,201.7779998779297,133.45599365234375
17.900000000000002,9.887257756815918,20.077454802705407,19.993808501630674,56.60410694101488,38.46815003820243,74.90484228804894,145.4530029296875,133.56399536132812,202.0570068359375,133.45599365234375
17.95,9.918865750737432,19.910162202374984,19.993808501814527,56.74309899819424,38.60615052654429,75.18183508597284,145.59100341796875,133.56399536132812,202.33399963378906,133.45599365234375
18.0,9.974269454770914,20.077454803084162,19.993808501998085,56.88310005588832,38.744154691157235,75.45983496397551,145.72900390625,133.56500244140625,202.61199951171875,133.45599365234375
18.05,10.0440017359495,19.910162202731343,19.9938085021792,57.02111555014583,38.883147005480765,75.73684302068938,145.8679962158203,133.56500244140625,202.88900756835938,133.45599365234375
18.1,10.109737730432757,20.077454803470037,19.99380850236533,57.16010760637403,39.02314640190905,76.01583471998084,146.00799560546875,133.56500244140625,203.16799926757812,133.45599365234375
18.150000000000002,10.15373023944835,19.910162203185898,19.993808502555474,57.296108946627854,39.164152877246856,76.29284277669471,146.1490020751953,133.56500244140625,203.44500732421875,133.45599365234375
18.2,10.175545803511682,20.077454803867298,19.993808502741324,57.433115463668074,39.30514409086821,76.57084447881141,146.2899932861328,133.56500244140625,203.72300720214844,133.45700073242188
18.25,10.174753575625946,19.910162203550353,19.993808502935163,57.56809447366098,39.44715764116479,76.84783727673621,146.4320068359375,133.56500244140625,204.0,133.45700073242188
18.3,10.151929449932867,20.0774548042473,19.99380850312103,57.70510290008554,39.58814885221232,77.12583715473889,146.572998046875,133.56500244140625,204.2779998779297,133.45700073242188
18.35,10.11463341520485,19.910162203884724,19.993808503310152,57.84310314720732,39.72814824339255,77.40383703274156,146.71299743652344,133.56500244140625,204.55599975585938,133.45700073242188
18.400000000000002,10.06869765423898,20.077454804627706,19.993808503502382,57.98110339544196,39.868147636611816,77.68183691074424,146.85299682617188,133.56500244140625,204.83399963378906,133.45700073242188
18.45,10.019881421530046,19.910162204266715,19.99380850369155,58.11809656650793,40.00814703125319,77.95882970866904,146.9929962158203,133.56500244140625,205.11099243164062,133.45700073242188
18.5,9.972109748850622,20.077454804993756,19.993808503882512,58.257105742558316,40.147158143163296,78.23684484545986,147.1320037841797,133.5659942626953,205.38900756835938,133.45700073242188
18.55,9.926893248202944,19.910162204600375,19.993808504069417,58.39609596669016,40.28515863601321,78.51383941907308,147.27000427246094,133.5659942626953,205.66600036621094,133.45799255371094
18.6,9.891289792881636,20.077454805337915,19.993808504256204,58.53810927422732,40.42215204739905,78.7928463771527,147.40699768066406,133.5659942626953,205.94500732421875,133.45799255371094
18.650000000000002,9.878833153379222,19.910162205000606,19.993808504437673,58.678093167417835,40.55916071560938,79.0698391750775,147.54400634765625,133.5659942626953,206.2220001220703,133.45799255371094
18.7,9.889885548842964,20.07745480573115,19.99380850462406,58.818092320501336,40.697161203914376,79.34783905308018,147.6820068359375,133.5659942626953,206.5,133.45799255371094
18.75,9.91706553338759,19.910162205320788,19.993808504801102,58.958091474674916,40.83415461269235,79.62483185100498,147.81900024414062,133.5659942626953,206.77699279785156,133.45799255371094
18.8,9.955909901946256,20.077454806065155,19.993808504982887,59.09909770836702,40.97215510319482,79.90383880908551,147.95700073242188,133.5659942626953,207.05599975585938,133.45799255371094
18.85,9.996373894202856,19.91016220568545,19.99380850516296,59.23709796673466,41.11114741646723,80.18083160700941,148.0959930419922,133.5659942626953,207.33299255371094,133.45799255371094
18.900000000000002,10.036837034598292,20.077454806398116,19.993808505340002,59.37609004583865,41.250154988952914,80.45883148501116,148.23500061035156,133.5659942626953,207.61099243164062,133.45799255371094
18.95,10.080397798332923,19.910162206034272,19.99380850551676,59.513096667649116,41.390154382619,80.7358413723693,148.375,133.5659942626953,207.88800048828125,133.45899963378906
19.0,10.117801073479377,20.077454806760446,19.993808505693426,59.65210582675624,41.530157397725134,81.01484833044891,148.51499938964844,133.56700134277344,208.16700744628906,133.45899963378906
19.05,10.137348988819905,19.98698590742279,20.00149087597567,59.789099011028554,41.67116386918044,81.29284820947412,148.656005859375,133.56700134277344,208.44500732421875,133.45899963378906
19.1,10.131589715766184,20.07799381904023,20.001544777345902,59.92610745500111,41.81215508037962,81.57084808754246,148.7969970703125,133.56700134277344,208.72300720214844,133.45899963378906
19.150000000000002,10.102681044082377,19.910270348608652,20.001555591706705,60.06310064122146,41.95215447024646,81.84784088544416,148.93699645996094,133.56700134277344,209.0,133.45899963378906
19.200000000000003,10.05876146296921,20.077418755886445,20.001551986722234,60.202107985314505,42.092153861691706,82.12684784354825,149.07699584960938,133.56700134277344,209.2790069580078,133.45899963378906
19.25,10.006596995402536,19.910126154063516,20.001548381596507,60.339101173528555,42.23215325519416,82.40384064145363,149.2169952392578,133.56700134277344,209.55599975585938,133.45899963378906
19.3,9.95256142133556,20.077454805624047,20.001548381552396,60.47909854936456,42.37015374870454,82.68184234358598,149.35499572753906,133.56700134277344,209.83399963378906,133.4600067138672
19.35,9.900901635214494,19.91016220401526,20.00154838138538,60.61809064191831,42.50815424225904,82.9588351414966,149.4929962158203,133.56700134277344,210.11099243164062,133.4600067138672
19.400000000000002,9.860725145195188,20.077454806180963,20.001548381363662,60.760088712271695,42.645162913298016,83.23784209959173,149.6300048828125,133.56700134277344,210.38999938964844,133.4600067138672
19.450000000000003,9.842725592225829,19.910162204427177,20.00154838120295,60.90010314413637,42.78215632331289,83.51485015629224,149.76699829101562,133.56700134277344,210.66700744628906,133.4600067138672
19.5,9.850033214092381,20.077454806780416,20.001548381204948,61.04210121652621,42.9181579103871,83.79285003430681,149.9029998779297,133.56700134277344,210.94500732421875,133.4600067138672
19.55,9.882397398022363,19.910162205143095,19.99386601097698,61.18210039158836,43.05515131902785,84.06984283221765,150.0399932861328,133.56700134277344,211.2220001220703,133.4600067138672
19.6,9.935461372220857,20.077454807194776,19.993812109792437,61.32209956763239,43.19315181007309,84.34784271023221,150.17799377441406,133.56700134277344,211.5,133.4600067138672
19.650000000000002,9.993888907134995,19.910162205879608,19.993801295519532,61.46008458755161,43.33215938398504,84.62483550814534,150.31700134277344,133.56700134277344,211.77699279785156,133.4600067138672
19.700000000000003,10.052101000829152,20.07745480777724,19.99380490070861,61.60009730958689,43.47115170029996,84.90384422910938,150.45599365234375,133.56700134277344,212.05599975585938,133.46099853515625
19.75,10.105021637871607,19.910162206545262,19.993808505956785,61.73709051546087,43.611151096338745,85.180837027024,150.5959930419922,133.56700134277344,212.33299255371094,133.46099853515625
19.8,10.145017031417538,20.0774548083083,19.99380850622521,61.8740837222255,43.7521575704414,85.45883690503734,150.73699951171875,133.56700134277344,212.61099243164062,133.46099853515625
19.85,10.168561248572773,19.910162207146488,19.993808506538333,62.010085110057446,43.8931640422292,85.73584496174188,150.8780059814453,133.56700134277344,212.88800048828125,133.46099853515625
19.900000000000002,10.16946161765836,20.07745480885516,19.993808506805753,62.14810065592661,44.03415525347938,86.01485191983231,151.0189971923828,133.56700134277344,213.16700744628906,133.46099853515625
19.950000000000003,10.148293198891615,19.910162207765076,19.993808507139544,62.284088482574056,44.17516521150696,86.29184471774865,151.16000366210938,133.5679931640625,213.44400024414062,133.46099853515625
